East Delhi Districts,Pincode,
Azad Nagar,110051,
Anand Vihar Colony,110092,
Babarpur,110032,
Bahubali Enclave,110092,
Balbir Nagar,110032,
Dallupura,110096,
Dayanand Vihar,110092,
Dilshad colony,110095,
Dilshad Garden,110095,
Durga Puri,110032,
East Vinod Nagar,110091,
Gandhi Nagar,110031,
Ganesh Nagar,110092,
Gazipur,110096,
Geeta Colony,110031,
Gujarat Vihar,110092,
Hans Apartment,110051,
Jagatpuri,110051,
Jhilmil colony,110095,
Jyoti Nagar(east),110094,
Jyoti Nagar(west),110094,
Kanti nagar,110051,
Kalyan Puri,110091,
Khureji khas,110051,
Krishna Nagar,110051,
Laxmi Nagar (Delhi),110092,
Mandaoli,110093,Multiple pincodes
Mandawali,110092,
Mayur Vihar Phase - 1,110091,
Mayur Vihar Phase - 3,110096,
New Ashok Nagar,110018,
New Gobind Pura,110051,
New Kondli,110096,
New Layalpur Colony,110051,
Nirman Vihar,110092,
Old anarkali,110051,
Pandav Nagar,110092,
Patparganj (I.P.Extension),110092,
Preet Vihar,110092,
Pushpanjali,110092,
Saini Enclave,110092,
Savita Vihar,110092,
Shahdara,110032,
Shakarpur,110092,
Shreshtha vihar,110092,
Surajmal Vihar,110092,
Surya Niketan,110092,
Tahirpur,110095,
Trilokpuri,110091,
Vasundhara Enclave,110096,
Vishwas Nagar,110032,
Vivek Vihar,110095,
Vigyan Vihar,110092,
West Vinod Nagar,110092,
Yamuna Vihar,110053,
Yojana Vihar,110095,
kirari suleman nagar,110086,