Areas,Pincode
Aruna Nagar,110054
Avantika,110085
Baratooti,110006
Burari,110084
C.C.I.,110007
Chandni Chowk,110006
Chawri Bazar,110006
Civil Lines,110054
Dareeba,110006
Delhi G.P.O.,110006
Delhi Sadar Bazar,110006
Delhi University,110007
District Courts,110054
Gulabi Bagh,110007
Jagatpur,110084
Jawahar Nagar,110007
Jharoda Majraa,110084
Kamla Nagar,110007
Kashmiri Gate,110006
Majnu ka Tila,110054
Malka Ganj,110007
Padam Nagar,110007
Patrachar Vidyalay,110054
R.C.A.O.,110007
Rana Pratap Bagh,110007
Roop Nagar,110007
Roshan Ara Road,110007
S.T. Road,110006
Shakti Nagar,110007
Timarpur,110054
Wazirabad,110084